{"0": 6.790697674418604, "1": 6.638888888888889, "2": 7.55, "3": 7.447368421052632, "4": 7.5, "5": 4.409090909090909, "6": 5.674418604651163, "7": 5.27906976744186, "8": 5.706896551724138, "9": 5.741935483870968, "10": 4.394736842105263, "11": 7.714285714285714, "12": 6.56140350877193, "13": 5.619047619047619, "14": 5.672131147540983, "15": 5.96078431372549, "16": 5.7254901960784315, "17": 5.0, "18": 5.076923076923077, "19": 4.76, "20": 5.777777777777778, "21": 6.363636363636363, "22": 4.8936170212765955, "23": 7.451612903225806, "24": 6.808510638297872, "25": 6.392857142857143, "26": 4.838709677419355, "27": 6.355555555555555, "28": 4.188118811881188, "29": 7.342105263157895, "30": 5.569444444444445, "31": 6.444444444444445}