{"0": 7.325, "1": 7.0, "2": 7.55, "3": 7.809523809523809, "4": 7.741935483870968, "5": 4.247311827956989, "6": 5.809523809523809, "7": 5.972972972972973, "8": 6.142857142857143, "9": 6.067796610169491, "10": 4.394736842105263, "11": 8.042553191489361, "12": 6.448275862068965, "13": 5.703125, "14": 5.866666666666666, "15": 5.96078431372549, "16": 5.811320754716981, "17": 4.864864864864865, "18": 5.5, "19": 4.958333333333333, "20": 6.120689655172414, "21": 6.928571428571429, "22": 5.833333333333333, "23": 7.7, "24": 6.283018867924528, "25": 6.62962962962963, "26": 5.066666666666666, "27": 6.809523809523809, "28": 4.2727272727272725, "29": 7.513513513513513, "30": 5.831325301204819, "31": 6.571428571428571}