{"0": 7.864864864864865, "1": 7.212121212121212, "2": 8.089285714285714, "3": 8.631578947368421, "4": 8.0, "5": 4.34065934065934, "6": 5.674418604651163, "7": 6.138888888888889, "8": 6.37037037037037, "9": 6.62962962962963, "10": 4.513513513513513, "11": 8.217391304347826, "12": 6.925925925925926, "13": 5.809523809523809, "14": 5.866666666666666, "15": 6.08, "16": 5.923076923076923, "17": 5.142857142857143, "18": 5.28, "19": 5.173913043478261, "20": 6.574074074074074, "21": 6.928571428571429, "22": 5.6976744186046515, "23": 8.178571428571429, "24": 6.283018867924528, "25": 6.62962962962963, "26": 5.066666666666666, "27": 7.333333333333333, "28": 4.360824742268041, "29": 7.513513513513513, "30": 5.761904761904762, "31": 6.764705882352941}