{"0": 7.621621621621622, "1": 7.4375, "2": 8.236363636363636, "3": 8.2, "4": 7.5, "5": 4.521739130434782, "6": 5.545454545454546, "7": 5.675, "8": 6.509433962264151, "9": 6.392857142857143, "10": 4.638888888888889, "11": 8.590909090909092, "12": 6.925925925925926, "13": 5.903225806451613, "14": 5.966101694915254, "15": 5.735849056603773, "16": 6.03921568627451, "17": 5.294117647058823, "18": 6.0, "19": 5.173913043478261, "20": 7.0, "21": 7.0, "22": 5.880952380952381, "23": 8.25, "24": 6.529411764705882, "25": 6.509090909090909, "26": 5.428571428571429, "27": 7.944444444444445, "28": 5.154761904761905, "29": 7.4, "30": 6.303370786516854, "31": 6.96969696969697}