{"0": 7.487179487179487, "1": 7.67741935483871, "2": 8.358490566037736, "3": 8.837837837837839, "4": 7.741935483870968, "5": 4.674418604651163, "6": 5.545454545454546, "7": 6.5, "8": 7.020408163265306, "9": 6.280701754385965, "10": 4.638888888888889, "11": 8.590909090909092, "12": 7.1923076923076925, "13": 5.661538461538462, "14": 6.175438596491228, "15": 5.627118644067797, "16": 5.826086956521739, "17": 5.294117647058823, "18": 5.076923076923077, "19": 5.173913043478261, "20": 7.0, "21": 6.689655172413793, "22": 5.348837209302325, "23": 8.25, "24": 6.66, "25": 6.62962962962963, "26": 5.090909090909091, "27": 7.944444444444445, "28": 4.648351648351649, "29": 7.722222222222222, "30": 6.1, "31": 7.419354838709677}