{"0": 8.11111111111111, "1": 7.0, "2": 7.771929824561403, "3": 8.384615384615385, "4": 7.0588235294117645, "5": 4.466666666666667, "6": 5.304347826086956, "7": 5.972972972972973, "8": 6.615384615384615, "9": 5.682539682539683, "10": 4.771428571428571, "11": 7.411764705882353, "12": 7.333333333333333, "13": 5.75, "14": 5.866666666666666, "15": 5.26984126984127, "16": 6.090909090909091, "17": 5.0, "18": 5.076923076923077, "19": 5.409090909090909, "20": 6.236363636363636, "21": 5.878787878787879, "22": 4.791666666666667, "23": 7.7, "24": 6.403846153846154, "25": 6.280701754385965, "26": 5.6, "27": 7.526315789473684, "28": 4.548387096774194, "29": 8.424242424242424, "30": 6.177215189873418, "31": 6.96969696969697}