{"0": 7.3, "1": 5.804878048780488, "2": 7.508474576271187, "3": 7.266666666666667, "4": 6.315789473684211, "5": 4.276595744680851, "6": 5.083333333333333, "7": 5.390243902439025, "8": 6.142857142857143, "9": 5.59375, "10": 4.394736842105263, "11": 7.132075471698113, "12": 6.448275862068965, "13": 5.333333333333333, "14": 5.587301587301587, "15": 5.26984126984127, "16": 5.469387755102041, "17": 4.864864864864865, "18": 4.981132075471698, "19": 4.76, "20": 6.017543859649122, "21": 5.705882352941177, "22": 4.6, "23": 7.7, "24": 6.054545454545455, "25": 5.868852459016393, "26": 5.090909090909091, "27": 6.975609756097561, "28": 4.40625, "29": 7.722222222222222, "30": 5.609195402298851, "31": 6.571428571428571}