{"0": 4.650793650793651, "1": 4.78, "2": 4.877777777777778, "3": 4.605633802816901, "4": 3.9344262295081966, "5": 3.4347826086956523, "6": 4.518518518518518, "7": 4.092592592592593, "8": 4.423076923076923, "9": 3.891304347826087, "10": 2.943396226415094, "11": 5.208333333333333, "12": 4.4523809523809526, "13": 4.091954022988506, "14": 4.240963855421687, "15": 3.730337078651685, "16": 4.344827586206897, "17": 3.358490566037736, "18": 3.6164383561643834, "19": 3.4, "20": 3.988372093023256, "21": 4.488372093023256, "22": 3.7704918032786887, "23": 5.702702702702703, "24": 3.9642857142857144, "25": 4.114942528735632, "26": 3.8461538461538463, "27": 4.46875, "28": 3.3307086614173227, "29": 4.459016393442623, "30": 4.101694915254237, "31": 4.58}