{"0": 3.4069767441860463, "1": 3.5, "2": 3.559055118110236, "3": 3.4946236559139785, "4": 3.463768115942029, "5": 2.9491525423728815, "6": 3.2972972972972974, "7": 3.260869565217391, "8": 3.477777777777778, "9": 3.232142857142857, "10": 2.8135593220338984, "11": 3.6407766990291264, "12": 3.4444444444444446, "13": 3.2072072072072073, "14": 3.30188679245283, "15": 3.1237113402061856, "16": 3.258426966292135, "17": 2.966666666666667, "18": 3.0823529411764707, "19": 3.0789473684210527, "20": 3.2842105263157895, "21": 3.3275862068965516, "22": 3.066666666666667, "23": 3.5166666666666666, "24": 3.393617021276596, "25": 3.2545454545454544, "26": 2.9411764705882355, "27": 3.5625, "28": 2.99290780141844, "29": 3.4074074074074074, "30": 3.4355828220858897, "31": 3.2857142857142856}