{"0": 5.82, "1": 5.666666666666667, "2": 5.87012987012987, "3": 6.0212765957446805, "4": 5.333333333333333, "5": 3.8217821782178216, "6": 4.88, "7": 4.934782608695652, "8": 4.867647058823529, "9": 5.014084507042254, "10": 4.15, "11": 6.19672131147541, "12": 5.420289855072464, "13": 4.746666666666667, "14": 4.739726027397261, "15": 5.066666666666666, "16": 4.786885245901639, "17": 4.261904761904762, "18": 4.327868852459017, "19": 4.407407407407407, "20": 4.8, "21": 5.121951219512195, "22": 4.181818181818182, "23": 5.75, "24": 5.517241379310345, "25": 5.114285714285714, "26": 4.545454545454546, "27": 5.5, "28": 3.8807339449541285, "29": 5.9361702127659575, "30": 4.773809523809524, "31": 5.155555555555556}