{
    "0": 8.11111111111111,
    "1": 7.67741935483871,
    "2": 8.358490566037736,
    "3": 8.837837837837839,
    "4": 8.0,
    "5": 4.674418604651163,
    "6": 5.809523809523809,
    "7": 6.5,
    "8": 7.020408163265306,
    "9": 6.62962962962963,
    "10": 4.771428571428571,
    "11": 8.590909090909092,
    "12": 7.333333333333333,
    "13": 5.903225806451613,
    "14": 6.175438596491228,
    "15": 6.08,
    "16": 6.090909090909091,
    "17": 5.294117647058823,
    "18": 6.0,
    "19": 5.409090909090909,
    "20": 7.0,
    "21": 7.0,
    "22": 5.880952380952381,
    "23": 8.25,
    "24": 6.66,
    "25": 6.62962962962963,
    "26": 5.6,
    "27": 7.944444444444445,
    "28": 5.154761904761905,
    "29": 8.424242424242424,
    "30": 6.303370786516854,
    "31": 7.419354838709677
}