{"0": 7.814814814814815, "1": 7.375, "2": 10.273972602739725, "3": 7.9855072463768115, "4": 9.5, "5": 4.38655462184874, "6": 6.956043956043956, "7": 9.76595744680851, "8": 9.235294117647058, "9": 7.901960784313726, "10": 5.482758620689655, "11": 4.205357142857143, "12": 6.384615384615385, "13": 7.538461538461538, "14": 6.464566929133858, "15": 7.303149606299213, "16": 5.313725490196078, "17": 7.3076923076923075, "18": 8.773504273504274, "19": 7.124567474048443, "20": 9.166666666666666, "21": 8.0, "22": 8.435233160621761, "23": 5.8, "24": 5.125, "25": 8.69047619047619, "26": 6.4763636363636365, "27": 4.946428571428571, "28": 7.757009345794392, "29": 9.0625, "30": 8.763636363636364, "31": 5.266666666666667}