{"0": 8.011627906976743, "1": 7.23, "2": 10.6, "3": 8.746031746031745, "4": 8.95774647887324, "5": 4.82051282051282, "6": 7.402439024390244, "7": 10.314606741573034, "8": 9.91139240506329, "9": 8.479166666666666, "10": 5.678571428571429, "11": 4.205357142857143, "12": 7.509157509157509, "13": 8.26086956521739, "14": 7.988326848249027, "15": 7.746031746031746, "16": 5.484536082474227, "17": 7.3076923076923075, "18": 10.647668393782384, "19": 8.09486166007905, "20": 10.074074074074074, "21": 8.019417475728156, "22": 8.858490566037736, "23": 5.633333333333334, "24": 5.256410256410256, "25": 8.69047619047619, "26": 5.56734693877551, "27": 4.576923076923077, "28": 7.830188679245283, "29": 9.432432432432432, "30": 8.680555555555555, "31": 6.24}