{"0": 7.829545454545454, "1": 7.1683168316831685, "2": 10.96551724137931, "3": 9.032786885245901, "4": 9.352941176470589, "5": 4.947368421052632, "6": 7.5875, "7": 10.8, "8": 10.453333333333333, "9": 8.479166666666666, "10": 5.678571428571429, "11": 4.321100917431193, "12": 7.735849056603773, "13": 8.4070796460177, "14": 8.146825396825397, "15": 7.870967741935484, "16": 5.6, "17": 7.3076923076923075, "18": 11.195652173913043, "19": 8.49792531120332, "20": 9.89090909090909, "21": 8.26, "22": 9.39, "23": 5.571428571428571, "24": 5.54054054054054, "25": 9.35897435897436, "26": 5.854077253218884, "27": 4.857142857142857, "28": 8.556701030927835, "29": 9.971428571428572, "30": 8.865248226950355, "31": 5.777777777777778}