{"0": 8.011627906976743, "1": 7.3088235294117645, "2": 12.007575757575758, "3": 8.964912280701755, "4": 9.651515151515152, "5": 5.295774647887324, "6": 7.909090909090909, "7": 11.195121951219512, "8": 10.453333333333333, "9": 9.191489361702128, "10": 6.115384615384615, "11": 4.247787610619469, "12": 7.0793103448275865, "13": 8.968, "14": 7.921052631578948, "15": 8.62621359223301, "16": 4.980392156862745, "17": 7.833333333333333, "18": 11.793103448275861, "19": 9.234234234234235, "20": 11.142857142857142, "21": 9.177777777777777, "22": 9.470930232558139, "23": 5.784810126582278, "24": 5.685314685314685, "25": 10.11111111111111, "26": 5.101604278074866, "27": 4.76, "28": 8.016806722689076, "29": 10.264705882352942, "30": 9.863636363636363, "31": 6.24}