{"0": 7.831578947368421, "1": 8.215909090909092, "2": 11.719298245614034, "3": 10.10909090909091, "4": 10.031746031746032, "5": 5.101449275362318, "6": 8.306666666666667, "7": 10.8, "8": 10.930555555555555, "9": 8.911111111111111, "10": 6.115384615384615, "11": 4.423076923076923, "12": 7.095744680851064, "13": 8.847619047619048, "14": 7.390243902439025, "15": 7.7443609022556394, "16": 5.044444444444444, "17": 7.56, "18": 10.29, "19": 8.224899598393574, "20": 10.471698113207546, "21": 8.86021505376344, "22": 9.643312101910828, "23": 5.950617283950617, "24": 5.191616766467066, "25": 9.35897435897436, "26": 5.883597883597884, "27": 4.576923076923077, "28": 8.98913043478261, "29": 11.958333333333334, "30": 9.863636363636363, "31": 6.04}