{"0": 7.670103092783505, "1": 7.610526315789474, "2": 11.517241379310345, "3": 9.423728813559322, "4": 9.294117647058824, "5": 4.756756756756757, "6": 8.41891891891892, "7": 10.8, "8": 11.405797101449275, "9": 8.76086956521739, "10": 5.888888888888889, "11": 4.339622641509434, "12": 6.996503496503497, "13": 8.682242990654206, "14": 7.717948717948718, "15": 7.637037037037037, "16": 4.7894736842105265, "17": 8.26086956521739, "18": 10.093137254901961, "19": 7.9073359073359075, "20": 11.1, "21": 8.956521739130435, "22": 9.522012578616351, "23": 6.153846153846154, "24": 4.661290322580645, "25": 9.605263157894736, "26": 5.761658031088083, "27": 4.666666666666667, "28": 8.525773195876289, "29": 12.478260869565217, "30": 9.863636363636363, "31": 5.518518518518518}