{"0": 7.831578947368421, "1": 7.53125, "2": 11.617391304347827, "3": 9.568965517241379, "4": 9.294117647058824, "5": 4.455696202531645, "6": 8.090909090909092, "7": 10.431818181818182, "8": 10.635135135135135, "9": 7.75, "10": 5.129032258064516, "11": 4.61, "12": 6.714765100671141, "13": 8.36936936936937, "14": 7.769230769230769, "15": 7.458181818181818, "16": 4.642857142857143, "17": 7.3076923076923075, "18": 9.58411214953271, "19": 7.846743295019157, "20": 9.910714285714286, "21": 8.673684210526316, "22": 9.345679012345679, "23": 5.4772727272727275, "24": 4.270935960591133, "25": 8.902439024390244, "26": 5.346153846153846, "27": 4.175438596491228, "28": 8.418367346938776, "29": 10.62962962962963, "30": 9.863636363636363, "31": 5.206896551724138}