{"0": 5.130081300813008, "1": 5.125, "2": 6.756756756756757, "3": 5.680412371134021, "4": 5.401709401709402, "5": 3.642857142857143, "6": 4.578947368421052, "7": 6.244897959183674, "8": 6.038461538461538, "9": 5.551282051282051, "10": 3.975, "11": 3.304054054054054, "12": 5.0024390243902435, "13": 5.052287581699346, "14": 5.017857142857143, "15": 4.870967741935484, "16": 3.7583333333333333, "17": 4.523809523809524, "18": 6.388198757763975, "19": 5.324675324675325, "20": 5.849462365591398, "21": 4.76875, "22": 5.984674329501916, "23": 4.271028037383178, "24": 3.7920353982300883, "25": 6.886792452830188, "26": 4.565340909090909, "27": 3.6527777777777777, "28": 5.570469798657718, "29": 5.409836065573771, "30": 5.564102564102564, "31": 3.5952380952380953}