{"0": 3.5165876777251186, "1": 3.4669811320754715, "2": 3.8142857142857145, "3": 3.6578947368421053, "4": 3.6842105263157894, "5": 3.081967213114754, "6": 3.508670520231214, "7": 3.7017543859649122, "8": 3.702830188679245, "9": 3.361344537815126, "10": 3.2244897959183674, "11": 2.8533333333333335, "12": 3.35663082437276, "13": 3.623853211009174, "14": 3.5647058823529414, "15": 3.54136690647482, "16": 3.040268456375839, "17": 3.5849056603773586, "18": 3.764705882352941, "19": 3.6201413427561837, "20": 3.7755102040816326, "21": 3.6299559471365637, "22": 3.6723300970873787, "23": 3.287671232876712, "24": 3.2357723577235773, "25": 3.613861386138614, "26": 3.450199203187251, "27": 3.2111111111111112, "28": 3.5956521739130434, "29": 3.75, "30": 3.7578125, "31": 3.422222222222222}