{"0": 5.745454545454545, "1": 5.7560975609756095, "2": 7.037558685446009, "3": 6.054945054945055, "4": 6.6, "5": 3.9545454545454546, "6": 5.702702702702703, "7": 6.8, "8": 6.7094017094017095, "9": 5.840579710144928, "10": 4.96875, "11": 3.925, "12": 5.192934782608695, "13": 5.9393939393939394, "14": 5.121495327102804, "15": 5.550898203592815, "16": 4.3983739837398375, "17": 5.757575757575758, "18": 6.449685534591195, "19": 5.563685636856369, "20": 6.4941176470588236, "21": 5.971014492753623, "22": 6.190114068441065, "23": 4.914893617021277, "24": 4.579787234042553, "25": 6.293103448275862, "26": 5.435975609756097, "27": 4.149253731343284, "28": 5.928571428571429, "29": 6.590909090909091, "30": 6.680555555555555, "31": 4.787878787878788}